{
  "acc": 0.8199233716475096,
  "f1_macro": 0.8172858065985691,
  "classes": [
    "Alt",
    "Big",
    "Bot",
    "Mac",
    "Mil",
    "Myc",
    "Pse",
    "Xan",
    "healthy"
  ],
  "norm_source": "meta.json",
  "img_size": 380,
  "per_class": {
    "Alt": {
      "precision": 0.8701298701298701,
      "recall": 0.8170731707317073,
      "f1": 0.8427672955974843,
      "support": 82
    },
    "Big": {
      "precision": 0.7311827956989247,
      "recall": 0.7083333333333334,
      "f1": 0.7195767195767195,
      "support": 96
    },
    "Bot": {
      "precision": 1.0,
      "recall": 0.65,
      "f1": 0.7878787878787878,
      "support": 20
    },
    "Mac": {
      "precision": 0.6917293233082706,
      "recall": 0.9292929292929293,
      "f1": 0.7931034482758621,
      "support": 99
    },
    "Mil": {
      "precision": 0.8545454545454545,
      "recall": 0.7966101694915254,
      "f1": 0.8245614035087719,
      "support": 59
    },
    "Myc": {
      "precision": 0.8320610687022901,
      "recall": 0.9316239316239316,
      "f1": 0.8790322580645161,
      "support": 117
    },
    "Pse": {
      "precision": 0.9572649572649573,
      "recall": 0.6829268292682927,
      "f1": 0.797153024911032,
      "support": 164
    },
    "Xan": {
      "precision": 0.9529411764705882,
      "recall": 0.8901098901098901,
      "f1": 0.9204545454545454,
      "support": 91
    },
    "healthy": {
      "precision": 0.6708860759493671,
      "recall": 0.9636363636363636,
      "f1": 0.7910447761194029,
      "support": 55
    }
  }
}