{
  "acc": 0.8275862068965517,
  "f1_macro": 0.8255266451519392,
  "classes": [
    "Alt",
    "Big",
    "Bot",
    "Mac",
    "Mil",
    "Myc",
    "Pse",
    "Xan",
    "healthy"
  ],
  "norm_source": "meta.json",
  "img_size": 380,
  "per_class": {
    "Alt": {
      "precision": 0.9078947368421053,
      "recall": 0.8414634146341463,
      "f1": 0.8734177215189873,
      "support": 82
    },
    "Big": {
      "precision": 0.7912087912087912,
      "recall": 0.75,
      "f1": 0.7700534759358288,
      "support": 96
    },
    "Bot": {
      "precision": 1.0,
      "recall": 0.65,
      "f1": 0.7878787878787878,
      "support": 20
    },
    "Mac": {
      "precision": 0.6923076923076923,
      "recall": 0.9090909090909091,
      "f1": 0.7860262008733624,
      "support": 99
    },
    "Mil": {
      "precision": 0.8867924528301887,
      "recall": 0.7966101694915254,
      "f1": 0.8392857142857143,
      "support": 59
    },
    "Myc": {
      "precision": 0.8134328358208955,
      "recall": 0.9316239316239316,
      "f1": 0.8685258964143426,
      "support": 117
    },
    "Pse": {
      "precision": 0.9495798319327731,
      "recall": 0.6890243902439024,
      "f1": 0.7985865724381626,
      "support": 164
    },
    "Xan": {
      "precision": 0.9534883720930233,
      "recall": 0.9010989010989011,
      "f1": 0.9265536723163842,
      "support": 91
    },
    "healthy": {
      "precision": 0.654320987654321,
      "recall": 0.9636363636363636,
      "f1": 0.7794117647058824,
      "support": 55
    }
  }
}