{
  "bin_loss": [
    0.5847388349383711,
    0.37763763716421933,
    0.2655319949948644,
    0.1997678896748876,
    0.15080801298819393,
    0.12158102235162115,
    0.09753235862197646,
    0.09639301502920058
  ],
  "bin_acc": [
    0.6843373486794622,
    0.8542168666081256,
    0.9156626462936401,
    0.9349397570253855,
    0.9686746944864112,
    0.9759036144578314,
    0.9819277108433735,
    0.983132526817092
  ],
  "bin_val_acc": [
    0.9454656862745098,
    0.9307598039215687,
    0.883578431372549,
    0.8443627450980392,
    0.8486519607843137,
    0.8743872549019608,
    0.8707107843137255,
    0.8627450980392157
  ],
  "cls_loss": [
    1.8615921037988903,
    1.3066792333118724,
    1.0051600845302247,
    0.78700065546688,
    0.6081999040501983,
    0.4674280950924679,
    0.3468538777224458,
    0.25308576619191736,
    0.1820999641184886,
    0.12604929538913076
  ],
  "cls_acc": [
    0.356746765029188,
    0.6229205177804238,
    0.7369069628559801,
    0.8016019718410494,
    0.8644485526516785,
    0.9008009861225121,
    0.9334565622161658,
    0.9698089959807993,
    0.9858287124081445,
    0.9932224277501038
  ]
}