{
  "acc": 0.9797297297297297,
  "f1_macro": 0.9576585585761741,
  "classes": [
    "earlyblt",
    "healthy",
    "lateblt"
  ],
  "norm_source": "meta.json",
  "img_size": 380,
  "per_class": {
    "earlyblt": {
      "precision": 0.95,
      "recall": 0.8735632183908046,
      "f1": 0.9101796407185628,
      "support": 87
    },
    "healthy": {
      "precision": 0.9974651457541192,
      "recall": 0.9874529485570891,
      "f1": 0.9924337957124842,
      "support": 797
    },
    "lateblt": {
      "precision": 0.9546436285097192,
      "recall": 0.9866071428571429,
      "f1": 0.9703622392974753,
      "support": 448
    }
  }
}