{
  "bin_loss": [
    0.32146712530542304,
    0.05932066210166172,
    0.025044089459158755,
    0.016232920776086825,
    0.015861158086745826,
    0.013773794199719473,
    0.007701755656550328,
    0.007493728564845191,
    0.005485186543039701,
    0.007340469518331466
  ],
  "bin_acc": [
    0.8865740740740741,
    0.9947916666666666,
    0.9982638888888888,
    0.9976851851851852,
    0.9971064814814815,
    0.9982638888888888,
    1.0,
    1.0,
    1.0,
    0.9994212962962963
  ],
  "bin_val_acc": [
    0.9248422266283872,
    0.9506597819850832,
    0.9495123350545037,
    0.9546758462421113,
    0.9655765920826161,
    0.9713138267355135,
    0.9868043602983362,
    0.9896729776247849,
    0.9913941480206541,
    0.9948364888123924
  ],
  "cls_loss": [
    1.25301288765454,
    0.5154504941015694,
    0.2588206341345485,
    0.1414610162980935,
    0.07700748440945561,
    0.05555820219227037,
    0.04496679453103793,
    0.0307135618960091,
    0.02602253131643187,
    0.019982204932078515
  ],
  "cls_acc": [
    0.6718691936304737,
    0.9000371609067261,
    0.9505759940764046,
    0.9817911557041992,
    0.994425864013231,
    0.9973987365291713,
    0.9955406912150148,
    0.9977703456075073,
    0.9985135637531046,
    0.9992567818654775
  ]
}