{
  "acc": 0.8684546615581098,
  "f1_macro": 0.866583214523343,
  "classes": [
    "Alt",
    "Big",
    "Bot",
    "Mac",
    "Mil",
    "Myc",
    "Pse",
    "Xan",
    "healthy"
  ],
  "norm_source": "meta.json",
  "img_size": 380,
  "per_class": {
    "Alt": {
      "precision": 0.8809523809523809,
      "recall": 0.9024390243902439,
      "f1": 0.891566265060241,
      "support": 82
    },
    "Big": {
      "precision": 0.8020833333333334,
      "recall": 0.8020833333333334,
      "f1": 0.8020833333333334,
      "support": 96
    },
    "Bot": {
      "precision": 0.8823529411764706,
      "recall": 0.75,
      "f1": 0.8108108108108109,
      "support": 20
    },
    "Mac": {
      "precision": 0.9101123595505618,
      "recall": 0.8181818181818182,
      "f1": 0.8617021276595744,
      "support": 99
    },
    "Mil": {
      "precision": 0.8235294117647058,
      "recall": 0.9491525423728814,
      "f1": 0.8818897637795275,
      "support": 59
    },
    "Myc": {
      "precision": 0.8536585365853658,
      "recall": 0.8974358974358975,
      "f1": 0.875,
      "support": 117
    },
    "Pse": {
      "precision": 0.8742138364779874,
      "recall": 0.8475609756097561,
      "f1": 0.8606811145510835,
      "support": 164
    },
    "Xan": {
      "precision": 0.8936170212765957,
      "recall": 0.9230769230769231,
      "f1": 0.9081081081081082,
      "support": 91
    },
    "healthy": {
      "precision": 0.9245283018867925,
      "recall": 0.8909090909090909,
      "f1": 0.9074074074074074,
      "support": 55
    }
  }
}