{
  "bin_loss": [
    0.5387220270013156,
    0.2575839726892236,
    0.15530856655885095,
    0.10618682354688644,
    0.07875004220907002,
    0.05585327736318928,
    0.05218725167725184,
    0.040265359321277436,
    0.03874097453200654,
    0.040516552237206946
  ],
  "bin_acc": [
    0.7239726030663268,
    0.9082191803683973,
    0.9561643851946477,
    0.9698630153316341,
    0.9828767139617711,
    0.9883561660165656,
    0.9938356180713601,
    0.9952054794520548,
    0.9952054810850588,
    0.9945205479452055
  ],
  "bin_val_acc": [
    0.7049742718299093,
    0.7015437400974909,
    0.7032590053502732,
    0.7186963981461566,
    0.7701543747458613,
    0.7770154382106984,
    0.7838765010621086,
    0.806174957322829,
    0.8198970848659299,
    0.8387650093942318
  ],
  "cls_loss": [
    1.1209224756661949,
    0.4560329720571444,
    0.26932995505147167,
    0.1667337974944672,
    0.10987389561804858,
    0.06901848190403603,
    0.048129987552181466,
    0.03368837175914993,
    0.02747656755729929,
    0.01834991400117998
  ],
  "cls_acc": [
    0.6781655844155844,
    0.885551948051948,
    0.9318181818181818,
    0.9646915584415584,
    0.9809253246753247,
    0.9882305194805194,
    0.994724025974026,
    0.9959415584415584,
    0.9983766233766234,
    0.9991883116883117
  ]
}