{
  "acc": 0.8607918263090677,
  "f1_macro": 0.858131986191755,
  "classes": [
    "Alt",
    "Big",
    "Bot",
    "Mac",
    "Mil",
    "Myc",
    "Pse",
    "Xan",
    "healthy"
  ],
  "norm_source": "meta.json",
  "img_size": 380,
  "per_class": {
    "Alt": {
      "precision": 0.8658536585365854,
      "recall": 0.8658536585365854,
      "f1": 0.8658536585365854,
      "support": 82
    },
    "Big": {
      "precision": 0.7912087912087912,
      "recall": 0.75,
      "f1": 0.7700534759358288,
      "support": 96
    },
    "Bot": {
      "precision": 0.8823529411764706,
      "recall": 0.75,
      "f1": 0.8108108108108109,
      "support": 20
    },
    "Mac": {
      "precision": 0.8431372549019608,
      "recall": 0.8686868686868687,
      "f1": 0.8557213930348259,
      "support": 99
    },
    "Mil": {
      "precision": 0.84375,
      "recall": 0.9152542372881356,
      "f1": 0.8780487804878049,
      "support": 59
    },
    "Myc": {
      "precision": 0.8571428571428571,
      "recall": 0.9230769230769231,
      "f1": 0.8888888888888888,
      "support": 117
    },
    "Pse": {
      "precision": 0.8717948717948718,
      "recall": 0.8292682926829268,
      "f1": 0.85,
      "support": 164
    },
    "Xan": {
      "precision": 0.9230769230769231,
      "recall": 0.9230769230769231,
      "f1": 0.9230769230769231,
      "support": 91
    },
    "healthy": {
      "precision": 0.8888888888888888,
      "recall": 0.8727272727272727,
      "f1": 0.8807339449541285,
      "support": 55
    }
  }
}