{
  "acc": 0.9707207207207207,
  "f1_macro": 0.9492711510952553,
  "classes": [
    "earlyblt",
    "healthy",
    "lateblt"
  ],
  "norm_source": "meta.json",
  "img_size": 380,
  "per_class": {
    "earlyblt": {
      "precision": 0.9382716049382716,
      "recall": 0.8735632183908046,
      "f1": 0.9047619047619048,
      "support": 87
    },
    "healthy": {
      "precision": 0.9974293059125964,
      "recall": 0.973651191969887,
      "f1": 0.9853968253968254,
      "support": 797
    },
    "lateblt": {
      "precision": 0.9323467230443975,
      "recall": 0.984375,
      "f1": 0.9576547231270358,
      "support": 448
    }
  }
}