{
  "acc": 0.8941605839416058,
  "f1_macro": 0.9084897299183013,
  "classes": [
    "Healthy",
    "LeafBlight",
    "Rust",
    "PowderyMildew",
    "FusariumFootRot",
    "WheatBlast",
    "BlackPoint"
  ],
  "norm_source": "meta.json",
  "img_size": 380,
  "per_class": {
    "Healthy": {
      "precision": 0.8611111111111112,
      "recall": 0.8611111111111112,
      "f1": 0.8611111111111112,
      "support": 36
    },
    "LeafBlight": {
      "precision": 0.9090909090909091,
      "recall": 0.7692307692307693,
      "f1": 0.8333333333333334,
      "support": 39
    },
    "Rust": {
      "precision": 0.8787878787878788,
      "recall": 0.9133858267716536,
      "f1": 0.8957528957528957,
      "support": 127
    },
    "PowderyMildew": {
      "precision": 0.75,
      "recall": 0.7894736842105263,
      "f1": 0.7692307692307693,
      "support": 19
    },
    "FusariumFootRot": {
      "precision": 1.0,
      "recall": 1.0,
      "f1": 1.0,
      "support": 25
    },
    "WheatBlast": {
      "precision": 1.0,
      "recall": 1.0,
      "f1": 1.0,
      "support": 14
    },
    "BlackPoint": {
      "precision": 1.0,
      "recall": 1.0,
      "f1": 1.0,
      "support": 14
    }
  }
}