{
  "acc": 0.9803707742639041,
  "f1_macro": 0.9768212472518328,
  "classes": [
    "Bacterial_spot227",
    "Early_blight227",
    "Late_blight227",
    "Leaf_Mold227",
    "Septoria_leaf_spot227",
    "Target_Spot227",
    "Tomato_Yellow_Leaf_Curl_Virus227",
    "Tomato_mosaic_virus227",
    "Two-spotted_spider_mite227",
    "healthy227"
  ],
  "norm_source": "meta.json",
  "img_size": 380,
  "per_class": {
    "Bacterial_spot227": {
      "precision": 0.9851851851851852,
      "recall": 0.8866666666666667,
      "f1": 0.9333333333333333,
      "support": 150
    },
    "Early_blight227": {
      "precision": 0.963963963963964,
      "recall": 0.9469026548672567,
      "f1": 0.9553571428571429,
      "support": 113
    },
    "Late_blight227": {
      "precision": 0.9875,
      "recall": 0.9793388429752066,
      "f1": 0.983402489626556,
      "support": 242
    },
    "Leaf_Mold227": {
      "precision": 1.0,
      "recall": 0.9908256880733946,
      "f1": 0.9953917050691244,
      "support": 109
    },
    "Septoria_leaf_spot227": {
      "precision": 0.9907834101382489,
      "recall": 0.9953703703703703,
      "f1": 0.9930715935334873,
      "support": 216
    },
    "Target_Spot227": {
      "precision": 0.864406779661017,
      "recall": 1.0,
      "f1": 0.9272727272727272,
      "support": 153
    },
    "Tomato_Yellow_Leaf_Curl_Virus227": {
      "precision": 1.0,
      "recall": 0.9941176470588236,
      "f1": 0.9970501474926253,
      "support": 510
    },
    "Tomato_mosaic_virus227": {
      "precision": 1.0,
      "recall": 1.0,
      "f1": 1.0,
      "support": 41
    },
    "Two-spotted_spider_mite227": {
      "precision": 0.9915966386554622,
      "recall": 0.9752066115702479,
      "f1": 0.9833333333333333,
      "support": 121
    },
    "healthy227": {
      "precision": 1.0,
      "recall": 1.0,
      "f1": 1.0,
      "support": 179
    }
  }
}