{
  "pipeline": {
    "acc": 0.5688775777816772,
    "n": 784,
    "classes": [
      "healthy",
      "Alt",
      "Big",
      "Bot",
      "Mac",
      "Mil",
      "Myc",
      "Pse",
      "Xan"
    ],
    "metrics": {
      "healthy_precision": 0.4722222222222222,
      "healthy_recall": 0.9272727272727272,
      "diseases_acc": 0.5418381094932556,
      "diseases_macro_f1": 0.5576740278940779
    },
    "bin_threshold": 0.8
  },
  "bin_raw": {
    "acc": 0.8941068053245544,
    "n": 1086
  },
  "cls_raw": {
    "acc": 0.5651577711105347,
    "n": 729
  }
}