{
  "bin_loss": [
    0.03115896522473361,
    0.005616046670259955,
    0.002878030436222844,
    0.001973606229159205,
    0.0011035140047921889,
    0.0010581913617493523,
    0.0007948500792897405,
    0.0005495336926228704,
    0.00047422275023343744,
    0.0004670694037303822
  ],
  "bin_acc": [
    0.9927909707724426,
    0.9989235386221295,
    0.999151878914405,
    0.9992823590814196,
    0.9995759394572025,
    0.9996411795407099,
    0.9996737995824635,
    0.9998695198329853,
    0.9998695198329853,
    0.9998368997912317
  ],
  "bin_val_acc": [
    0.9988644106291165,
    0.9987508516920282,
    0.9990915285032932,
    0.9990915285032932,
    0.9989779695662049,
    0.9987508516920282,
    0.9989779695662049,
    0.9989779695662049,
    0.9990915285032932,
    0.9990915285032932
  ],
  "cls_loss": [
    0.0472742403094241,
    0.0180625886115435,
    0.012557092074566898,
    0.00927492769447338,
    0.008598651558782906,
    0.0073319800878384874,
    0.00813588326507157,
    0.006088481523903122,
    0.004873549273306311,
    0.005051715024182708
  ],
  "cls_acc": [
    0.9894954980706017,
    0.9961888428374065,
    0.9969034348053928,
    0.9974036491829832,
    0.9976180267733791,
    0.9976656662379115,
    0.9974512886475156,
    0.9980229622219047,
    0.9982849792768329,
    0.9980229622219047
  ]
}