{
  "acc": 0.9929116684841875,
  "f1_macro": 0.992295671298835,
  "classes": [
    "Bacterial_spot227",
    "Early_blight227",
    "Late_blight227",
    "Leaf_Mold227",
    "Septoria_leaf_spot227",
    "Target_Spot227",
    "Tomato_Yellow_Leaf_Curl_Virus227",
    "Tomato_mosaic_virus227",
    "Two-spotted_spider_mite227",
    "healthy227"
  ],
  "norm_source": "meta.json",
  "img_size": 380,
  "per_class": {
    "Bacterial_spot227": {
      "precision": 1.0,
      "recall": 0.9733333333333334,
      "f1": 0.9864864864864865,
      "support": 150
    },
    "Early_blight227": {
      "precision": 0.9821428571428571,
      "recall": 0.9734513274336283,
      "f1": 0.9777777777777777,
      "support": 113
    },
    "Late_blight227": {
      "precision": 0.9917355371900827,
      "recall": 0.9917355371900827,
      "f1": 0.9917355371900827,
      "support": 242
    },
    "Leaf_Mold227": {
      "precision": 1.0,
      "recall": 0.9908256880733946,
      "f1": 0.9953917050691244,
      "support": 109
    },
    "Septoria_leaf_spot227": {
      "precision": 1.0,
      "recall": 0.9953703703703703,
      "f1": 0.9976798143851509,
      "support": 216
    },
    "Target_Spot227": {
      "precision": 0.9745222929936306,
      "recall": 1.0,
      "f1": 0.9870967741935484,
      "support": 153
    },
    "Tomato_Yellow_Leaf_Curl_Virus227": {
      "precision": 0.9902912621359223,
      "recall": 1.0,
      "f1": 0.9951219512195122,
      "support": 510
    },
    "Tomato_mosaic_virus227": {
      "precision": 1.0,
      "recall": 1.0,
      "f1": 1.0,
      "support": 41
    },
    "Two-spotted_spider_mite227": {
      "precision": 1.0,
      "recall": 0.9834710743801653,
      "f1": 0.9916666666666667,
      "support": 121
    },
    "healthy227": {
      "precision": 1.0,
      "recall": 1.0,
      "f1": 1.0,
      "support": 179
    }
  }
}