{
  "acc": 0.8850574712643678,
  "f1_macro": 0.8836942965593204,
  "classes": [
    "Alt",
    "Big",
    "Bot",
    "Mac",
    "Mil",
    "Myc",
    "Pse",
    "Xan",
    "healthy"
  ],
  "norm_source": "meta.json",
  "img_size": 380,
  "per_class": {
    "Alt": {
      "precision": 0.8620689655172413,
      "recall": 0.9146341463414634,
      "f1": 0.8875739644970414,
      "support": 82
    },
    "Big": {
      "precision": 0.8488372093023255,
      "recall": 0.7604166666666666,
      "f1": 0.8021978021978022,
      "support": 96
    },
    "Bot": {
      "precision": 0.8888888888888888,
      "recall": 0.8,
      "f1": 0.8421052631578947,
      "support": 20
    },
    "Mac": {
      "precision": 0.8333333333333334,
      "recall": 0.9090909090909091,
      "f1": 0.8695652173913043,
      "support": 99
    },
    "Mil": {
      "precision": 0.8615384615384616,
      "recall": 0.9491525423728814,
      "f1": 0.9032258064516129,
      "support": 59
    },
    "Myc": {
      "precision": 0.872,
      "recall": 0.9316239316239316,
      "f1": 0.9008264462809917,
      "support": 117
    },
    "Pse": {
      "precision": 0.9150326797385621,
      "recall": 0.8536585365853658,
      "f1": 0.8832807570977917,
      "support": 164
    },
    "Xan": {
      "precision": 0.9545454545454546,
      "recall": 0.9230769230769231,
      "f1": 0.9385474860335196,
      "support": 91
    },
    "healthy": {
      "precision": 0.9433962264150944,
      "recall": 0.9090909090909091,
      "f1": 0.9259259259259259,
      "support": 55
    }
  }
}